accesscontrolinfo,alertactionscount,alertactionssent,attacks,captchasupport,city,clientipex,clientport,cookiessupport,countrycode,dlingestiontimestamp,endpointid,endtime,geocoordinates,headersview,hiddenalertactionscount,hiddenalertactionssent,httpversion,incidentoccurred,jssupport,mainattack,method,normalactionscount,normalactionssent,objectidentifier,pagehitcount,postbody,protocol,querystring,referrer,requestendtime,requestid,requestresult,requeststarttime,responseattacks,responseendtime,responsestarttime,serialnumber,sessionid,sessionmessagetime,sessionstarttime,siteid,sslcipher,tagevenets,tcpinfo,totalactionscount,totalactionssent,totalhitcount,url,urlid,visitorclappid,visitorclappsig1,visitorclapptype,visitorid,year,month,day,hour,minute,sessionblockinginfo,xforwardedfor,contentlength,useragent,dynamiciplists,tlsfingerprint,tlsfingerprintid,proxyid,messagedate,att
ALLOW,2,2,credential_stuffing,true,Amsterdam,185.23.44.10,443,true,NL,2026-05-01T08:00:01Z,EP001,2026-05-01T08:00:03Z,"52.37,4.89",std_headers,1,1,HTTP/2,true,true,ATO,POST,4,4,OBJ1001,55,"username=a&password=b",HTTPS,"?next=/dashboard",google.com,2026-05-01T08:00:03Z,REQ0001,BLOCKED,2026-05-01T08:00:01Z,password_spray,2026-05-01T08:00:03Z,2026-05-01T08:00:02Z,SN001,SID1001,2026-05-01T08:00:02Z,2026-05-01T08:00:00Z,SITE01,TLS_AES_256_GCM_SHA384,login_spike,ok,6,6,55,https://corp.com/login,U001,CLAPP1,SIGX1,browser,VIS001,2026,5,1,8,0,SOFT_BLOCK,10.0.0.1,1024,python-requests/2.31,true,TLSFP001,1001,PRX01,2026-05-01,high
ALLOW,1,1,scraping,true,Moscow,91.77.201.4,443,true,RU,2026-05-01T08:01:01Z,EP002,2026-05-01T08:01:04Z,"55.75,37.61",std_headers,0,0,HTTP/2,true,true,Scraping,GET,2,2,OBJ1002,120,,HTTPS,"?page=1",bing.com,2026-05-01T08:01:04Z,REQ0002,CHALLENGED,2026-05-01T08:01:01Z,catalog_enum,2026-05-01T08:01:04Z,2026-05-01T08:01:03Z,SN002,SID1002,2026-05-01T08:01:03Z,2026-05-01T08:01:00Z,SITE01,TLS_AES_128_GCM_SHA256,pricing_probe,ok,3,3,120,https://corp.com/catalog,U002,CLAPP2,SIGX2,headless,VIS002,2026,5,1,8,1,RATE_LIMIT,10.0.0.2,0,HeadlessChrome,true,TLSFP002,1002,PRX02,2026-05-01,medium
ALLOW,3,3,ticket_scalping,true,Berlin,77.55.12.77,443,true,DE,2026-05-01T08:02:01Z,EP003,2026-05-01T08:02:05Z,"52.52,13.40",std_headers,1,1,HTTP/2,true,true,Ticketing,POST,5,5,OBJ1003,210,"qty=4",HTTPS,"?event=123",direct,2026-05-01T08:02:05Z,REQ0003,BLOCKED,2026-05-01T08:02:01Z,inventory_hoard,2026-05-01T08:02:05Z,2026-05-01T08:02:03Z,SN003,SID1003,2026-05-01T08:02:03Z,2026-05-01T08:02:00Z,SITE01,TLS_CHACHA20_POLY1305_SHA256,buy_spike,ok,8,8,210,https://corp.com/checkout,U003,CLAPP3,SIGX3,automation,VIS003,2026,5,1,8,2,HARD_BLOCK,10.0.0.3,512,Playwright,true,TLSFP003,1003,PRX03,2026-05-01,critical
ALLOW,0,0,normal,false,New York,34.91.12.8,443,true,US,2026-05-01T08:03:01Z,EP004,2026-05-01T08:03:02Z,"40.71,-74.00",std_headers,0,0,HTTP/2,false,true,None,GET,1,1,OBJ1004,18,,HTTPS,"",google.com,2026-05-01T08:03:02Z,REQ0004,ALLOWED,2026-05-01T08:03:01Z,None,2026-05-01T08:03:02Z,2026-05-01T08:03:02Z,SN004,SID1004,2026-05-01T08:03:02Z,2026-05-01T08:03:00Z,SITE01,TLS_AES_256_GCM_SHA384,normal_browse,ok,1,1,18,https://corp.com/home,U004,CLAPP4,SIGX4,browser,VIS004,2026,5,1,8,3,NONE,10.0.0.4,256,Chrome/124,false,TLSFP004,1004,,2026-05-01,low
ALLOW,2,2,credential_stuffing,true,Tokyo,150.44.91.31,443,true,JP,2026-05-01T08:04:01Z,EP005,2026-05-01T08:04:03Z,"35.68,139.69",std_headers,1,1,HTTP/2,true,true,ATO,POST,4,4,OBJ1005,77,"username=x&password=y",HTTPS,"?retry=1",direct,2026-05-01T08:04:03Z,REQ0005,BLOCKED,2026-05-01T08:04:01Z,password_spray,2026-05-01T08:04:03Z,2026-05-01T08:04:02Z,SN005,SID1005,2026-05-01T08:04:02Z,2026-05-01T08:04:00Z,SITE01,TLS_AES_128_GCM_SHA256,login_wave,ok,6,6,77,https://corp.com/login,U005,CLAPP5,SIGX5,script,VIS005,2026,5,1,8,4,SOFT_BLOCK,10.0.0.5,768,curl/8.1,true,TLSFP005,1005,PRX05,2026-05-01,high
ALLOW,1,1,scraping,true,London,66.19.200.18,443,true,GB,2026-05-01T08:05:01Z,EP006,2026-05-01T08:05:03Z,"51.50,-0.12",std_headers,0,0,HTTP/2,true,true,Scraping,GET,2,2,OBJ1006,165,,HTTPS,"?sku=22",refsite.com,2026-05-01T08:05:03Z,REQ0006,CHALLENGED,2026-05-01T08:05:01Z,api_harvest,2026-05-01T08:05:03Z,2026-05-01T08:05:02Z,SN006,SID1006,2026-05-01T08:05:02Z,2026-05-01T08:05:00Z,SITE01,TLS_AES_256_GCM_SHA384,api_probe,ok,3,3,165,https://corp.com/api/products,U006,CLAPP6,SIGX6,headless,VIS006,2026,5,1,8,5,RATE_LIMIT,10.0.0.6,0,Go-http-client/1.1,true,TLSFP006,1006,PRX06,2026-05-01,medium
ALLOW,2,2,credential_stuffing,true,Seoul,59.77.31.19,443,true,KR,2026-05-01T08:06:01Z,EP007,2026-05-01T08:06:03Z,"37.56,126.97",std_headers,1,1,HTTP/2,true,true,ATO,POST,4,4,OBJ1007,88,"username=z&password=1",HTTPS,"?retry=2",direct,2026-05-01T08:06:03Z,REQ0007,BLOCKED,2026-05-01T08:06:01Z,password_spray,2026-05-01T08:06:03Z,2026-05-01T08:06:02Z,SN007,SID1007,2026-05-01T08:06:02Z,2026-05-01T08:06:00Z,SITE01,TLS_AES_256_GCM_SHA384,login_wave,ok,6,6,88,https://corp.com/login,U007,CLAPP7,SIGX7,script,VIS007,2026,5,1,8,6,SOFT_BLOCK,10.0.0.7,640,curl/8.1,true,TLSFP007,1007,PRX07,2026-05-01,high
ALLOW,1,1,scraping,true,Madrid,88.11.74.2,443,true,ES,2026-05-01T08:07:01Z,EP008,2026-05-01T08:07:04Z,"40.41,-3.70",std_headers,0,0,HTTP/2,true,true,Scraping,GET,2,2,OBJ1008,190,,HTTPS,"?page=3",google.com,2026-05-01T08:07:04Z,REQ0008,CHALLENGED,2026-05-01T08:07:01Z,price_scrape,2026-05-01T08:07:04Z,2026-05-01T08:07:03Z,SN008,SID1008,2026-05-01T08:07:03Z,2026-05-01T08:07:00Z,SITE01,TLS_AES_128_GCM_SHA256,pricing_probe,ok,3,3,190,https://corp.com/pricing,U008,CLAPP8,SIGX8,headless,VIS008,2026,5,1,8,7,RATE_LIMIT,10.0.0.8,0,Scrapy/2.9,true,TLSFP008,1008,PRX08,2026-05-01,medium
ALLOW,3,3,ticket_scalping,true,Paris,94.66.41.8,443,true,FR,2026-05-01T08:08:01Z,EP009,2026-05-01T08:08:05Z,"48.85,2.35",std_headers,1,1,HTTP/2,true,true,Ticketing,POST,5,5,OBJ1009,230,"qty=6",HTTPS,"?event=990",direct,2026-05-01T08:08:05Z,REQ0009,BLOCKED,2026-05-01T08:08:01Z,inventory_hoard,2026-05-01T08:08:05Z,2026-05-01T08:08:03Z,SN009,SID1009,2026-05-01T08:08:03Z,2026-05-01T08:08:00Z,SITE01,TLS_CHACHA20_POLY1305_SHA256,buy_spike,ok,8,8,230,https://corp.com/buy,U009,CLAPP9,SIGX9,automation,VIS009,2026,5,1,8,8,HARD_BLOCK,10.0.0.9,900,selenium-bot,true,TLSFP009,1009,PRX09,2026-05-01,critical
ALLOW,0,0,normal,false,Toronto,172.18.10.4,443,true,CA,2026-05-01T08:09:01Z,EP010,2026-05-01T08:09:02Z,"43.65,-79.38",std_headers,0,0,HTTP/2,false,true,None,GET,1,1,OBJ1010,22,,HTTPS,"",direct,2026-05-01T08:09:02Z,REQ0010,ALLOWED,2026-05-01T08:09:01Z,None,2026-05-01T08:09:02Z,2026-05-01T08:09:02Z,SN010,SID1010,2026-05-01T08:09:02Z,2026-05-01T08:09:00Z,SITE01,TLS_AES_256_GCM_SHA384,normal_browse,ok,1,1,22,https://corp.com/home,U010,CLAPP10,SIGX10,browser,VIS010,2026,5,1,8,9,NONE,10.0.0.10,256,Chrome/124,false,TLSFP010,1010,,2026-05-01,low
ALLOW,2,2,credential_stuffing,true,Singapore,210.17.55.9,443,true,SG,2026-05-01T08:10:01Z,EP011,2026-05-01T08:10:03Z,"1.35,103.82",std_headers,1,1,HTTP/2,true,true,ATO,POST,4,4,OBJ1011,101,"username=a1&password=b1",HTTPS,"?retry=3",direct,2026-05-01T08:10:03Z,REQ0011,BLOCKED,2026-05-01T08:10:01Z,password_spray,2026-05-01T08:10:03Z,2026-05-01T08:10:02Z,SN011,SID1011,2026-05-01T08:10:02Z,2026-05-01T08:10:00Z,SITE01,TLS_AES_128_GCM_SHA256,login_wave,ok,6,6,101,https://corp.com/login,U011,CLAPP11,SIGX11,script,VIS011,2026,5,1,8,10,SOFT_BLOCK,10.0.0.11,700,python-requests/2.31,true,TLSFP011,1011,PRX11,2026-05-01,high
ALLOW,1,1,scraping,true,Sydney,203.11.41.91,443,true,AU,2026-05-01T08:11:01Z,EP012,2026-05-01T08:11:03Z,"-33.86,151.20",std_headers,0,0,HTTP/2,true,true,Scraping,GET,2,2,OBJ1012,175,,HTTPS,"?sku=71",refsite.com,2026-05-01T08:11:03Z,REQ0012,CHALLENGED,2026-05-01T08:11:01Z,api_harvest,2026-05-01T08:11:03Z,2026-05-01T08:11:02Z,SN012,SID1012,2026-05-01T08:11:02Z,2026-05-01T08:11:00Z,SITE01,TLS_AES_256_GCM_SHA384,api_probe,ok,3,3,175,https://corp.com/api/products,U012,CLAPP12,SIGX12,headless,VIS012,2026,5,1,8,11,RATE_LIMIT,10.0.0.12,0,Go-http-client/1.1,true,TLSFP012,1012,PRX12,2026-05-01,medium
ALLOW,3,3,ticket_scalping,true,Dublin,81.44.22.10,443,true,IE,2026-05-01T08:12:01Z,EP013,2026-05-01T08:12:05Z,"53.34,-6.26",std_headers,1,1,HTTP/2,true,true,Ticketing,POST,5,5,OBJ1013,260,"qty=8",HTTPS,"?event=777",direct,2026-05-01T08:12:05Z,REQ0013,BLOCKED,2026-05-01T08:12:01Z,inventory_hoard,2026-05-01T08:12:05Z,2026-05-01T08:12:03Z,SN013,SID1013,2026-05-01T08:12:03Z,2026-05-01T08:12:00Z,SITE01,TLS_CHACHA20_POLY1305_SHA256,buy_spike,ok,8,8,260,https://corp.com/checkout,U013,CLAPP13,SIGX13,automation,VIS013,2026,5,1,8,12,HARD_BLOCK,10.0.0.13,980,Playwright,true,TLSFP013,1013,PRX13,2026-05-01,critical
ALLOW,0,0,normal,false,Chicago,71.21.44.3,443,true,US,2026-05-01T08:13:01Z,EP014,2026-05-01T08:13:02Z,"41.87,-87.62",std_headers,0,0,HTTP/2,false,true,None,GET,1,1,OBJ1014,14,,HTTPS,"",google.com,2026-05-01T08:13:02Z,REQ0014,ALLOWED,2026-05-01T08:13:01Z,None,2026-05-01T08:13:02Z,2026-05-01T08:13:02Z,SN014,SID1014,2026-05-01T08:13:02Z,2026-05-01T08:13:00Z,SITE01,TLS_AES_256_GCM_SHA384,normal_browse,ok,1,1,14,https://corp.com/search,U014,CLAPP14,SIGX14,browser,VIS014,2026,5,1,8,13,NONE,10.0.0.14,128,Firefox/125,false,TLSFP014,1014,,2026-05-01,low
ALLOW,2,2,credential_stuffing,true,Warsaw,62.10.91.8,443,true,PL,2026-05-01T08:14:01Z,EP015,2026-05-01T08:14:03Z,"52.22,21.01",std_headers,1,1,HTTP/2,true,true,ATO,POST,4,4,OBJ1015,93,"username=x2&password=y2",HTTPS,"?retry=4",direct,2026-05-01T08:14:03Z,REQ0015,BLOCKED,2026-05-01T08:14:01Z,password_spray,2026-05-01T08:14:03Z,2026-05-01T08:14:02Z,SN015,SID1015,2026-05-01T08:14:02Z,2026-05-01T08:14:00Z,SITE01,TLS_AES_128_GCM_SHA256,login_wave,ok,6,6,93,https://corp.com/login,U015,CLAPP15,SIGX15,script,VIS015,2026,5,1,8,14,SOFT_BLOCK,10.0.0.15,740,curl/8.1,true,TLSFP015,1015,PRX15,2026-05-01,high
ALLOW,1,1,scraping,true,Rome,92.44.10.2,443,true,IT,2026-05-01T08:15:01Z,EP016,2026-05-01T08:15:04Z,"41.90,12.49",std_headers,0,0,HTTP/2,true,true,Scraping,GET,2,2,OBJ1016,145,,HTTPS,"?page=8",bing.com,2026-05-01T08:15:04Z,REQ0016,CHALLENGED,2026-05-01T08:15:01Z,catalog_enum,2026-05-01T08:15:04Z,2026-05-01T08:15:03Z,SN016,SID1016,2026-05-01T08:15:03Z,2026-05-01T08:15:00Z,SITE01,TLS_AES_256_GCM_SHA384,pricing_probe,ok,3,3,145,https://corp.com/catalog,U016,CLAPP16,SIGX16,headless,VIS016,2026,5,1,8,15,RATE_LIMIT,10.0.0.16,0,HeadlessChrome,true,TLSFP016,1016,PRX16,2026-05-01,medium
ALLOW,3,3,ticket_scalping,true,Prague,84.22.91.11,443,true,CZ,2026-05-01T08:16:01Z,EP017,2026-05-01T08:16:05Z,"50.07,14.43",std_headers,1,1,HTTP/2,true,true,Ticketing,POST,5,5,OBJ1017,275,"qty=5",HTTPS,"?event=321",direct,2026-05-01T08:16:05Z,REQ0017,BLOCKED,2026-05-01T08:16:01Z,inventory_hoard,2026-05-01T08:16:05Z,2026-05-01T08:16:03Z,SN017,SID1017,2026-05-01T08:16:03Z,2026-05-01T08:16:00Z,SITE01,TLS_CHACHA20_POLY1305_SHA256,buy_spike,ok,8,8,275,https://corp.com/checkout,U017,CLAPP17,SIGX17,automation,VIS017,2026,5,1,8,16,HARD_BLOCK,10.0.0.17,1024,Playwright,true,TLSFP017,1017,PRX17,2026-05-01,critical
ALLOW,0,0,normal,false,San Francisco,45.19.88.2,443,true,US,2026-05-01T08:17:01Z,EP018,2026-05-01T08:17:02Z,"37.77,-122.41",std_headers,0,0,HTTP/2,false,true,None,GET,1,1,OBJ1018,12,,HTTPS,"",google.com,2026-05-01T08:17:02Z,REQ0018,ALLOWED,2026-05-01T08:17:01Z,None,2026-05-01T08:17:02Z,2026-05-01T08:17:02Z,SN018,SID1018,2026-05-01T08:17:02Z,2026-05-01T08:17:00Z,SITE01,TLS_AES_256_GCM_SHA384,normal_browse,ok,1,1,12,https://corp.com/home,U018,CLAPP18,SIGX18,browser,VIS018,2026,5,1,8,17,NONE,10.0.0.18,128,Chrome/124,false,TLSFP018,1018,,2026-05-01,low
ALLOW,2,2,credential_stuffing,true,Hong Kong,203.77.11.44,443,true,HK,2026-05-01T08:18:01Z,EP019,2026-05-01T08:18:03Z,"22.31,114.17",std_headers,1,1,HTTP/2,true,true,ATO,POST,4,4,OBJ1019,110,"username=hk1&password=test",HTTPS,"?retry=5",direct,2026-05-01T08:18:03Z,REQ0019,BLOCKED,2026-05-01T08:18:01Z,password_spray,2026-05-01T08:18:03Z,2026-05-01T08:18:02Z,SN019,SID1019,2026-05-01T08:18:02Z,2026-05-01T08:18:00Z,SITE01,TLS_AES_128_GCM_SHA256,login_wave,ok,6,6,110,https://corp.com/login,U019,CLAPP19,SIGX19,script,VIS019,2026,5,1,8,18,SOFT_BLOCK,10.0.0.19,800,python-requests/2.31,true,TLSFP019,1019,PRX19,2026-05-01,high
ALLOW,1,1,scraping,true,Beijing,101.77.22.5,443,true,CN,2026-05-01T08:19:01Z,EP020,2026-05-01T08:19:04Z,"39.90,116.40",std_headers,0,0,HTTP/2,true,true,Scraping,GET,2,2,OBJ1020,240,,HTTPS,"?page=5",baidu.com,2026-05-01T08:19:04Z,REQ0020,CHALLENGED,2026-05-01T08:19:01Z,api_harvest,2026-05-01T08:19:04Z,2026-05-01T08:19:03Z,SN020,SID1020,2026-05-01T08:19:03Z,2026-05-01T08:19:00Z,SITE01,TLS_AES_256_GCM_SHA384,pricing_probe,ok,3,3,240,https://corp.com/api/pricing,U020,CLAPP20,SIGX20,headless,VIS020,2026,5,1,8,19,RATE_LIMIT,10.0.0.20,0,Scrapy/2.9,true,TLSFP020,1020,PRX20,2026-05-01,medium
ALLOW,3,3,ticket_scalping,true,Vienna,77.41.91.12,443,true,AT,2026-05-01T08:20:01Z,EP021,2026-05-01T08:20:05Z,"48.20,16.37",std_headers,1,1,HTTP/2,true,true,Ticketing,POST,5,5,OBJ1021,310,"qty=10",HTTPS,"?event=444",direct,2026-05-01T08:20:05Z,REQ0021,BLOCKED,2026-05-01T08:20:01Z,inventory_hoard,2026-05-01T08:20:05Z,2026-05-01T08:20:03Z,SN021,SID1021,2026-05-01T08:20:03Z,2026-05-01T08:20:00Z,SITE01,TLS_CHACHA20_POLY1305_SHA256,buy_spike,ok,8,8,310,https://corp.com/buy,U021,CLAPP21,SIGX21,automation,VIS021,2026,5,1,8,20,HARD_BLOCK,10.0.0.21,1200,selenium-bot,true,TLSFP021,1021,PRX21,2026-05-01,critical
ALLOW,0,0,normal,false,Boston,55.88.14.6,443,true,US,2026-05-01T08:21:01Z,EP022,2026-05-01T08:21:02Z,"42.36,-71.05",std_headers,0,0,HTTP/2,false,true,None,GET,1,1,OBJ1022,25,,HTTPS,"",google.com,2026-05-01T08:21:02Z,REQ0022,ALLOWED,2026-05-01T08:21:01Z,None,2026-05-01T08:21:02Z,2026-05-01T08:21:02Z,SN022,SID1022,2026-05-01T08:21:02Z,2026-05-01T08:21:00Z,SITE01,TLS_AES_256_GCM_SHA384,normal_browse,ok,1,1,25,https://corp.com/search,U022,CLAPP22,SIGX22,browser,VIS022,2026,5,1,8,21,NONE,10.0.0.22,256,Firefox/125,false,TLSFP022,1022,,2026-05-01,low
ALLOW,2,2,credential_stuffing,true,Sao Paulo,201.55.17.8,443,true,BR,2026-05-01T08:22:01Z,EP023,2026-05-01T08:22:03Z,"-23.55,-46.63",std_headers,1,1,HTTP/2,true,true,ATO,POST,4,4,OBJ1023,130,"username=br1&password=bot",HTTPS,"?retry=6",direct,2026-05-01T08:22:03Z,REQ0023,BLOCKED,2026-05-01T08:22:01Z,password_spray,2026-05-01T08:22:03Z,2026-05-01T08:22:02Z,SN023,SID1023,2026-05-01T08:22:02Z,2026-05-01T08:22:00Z,SITE01,TLS_AES_128_GCM_SHA256,login_wave,ok,6,6,130,https://corp.com/login,U023,CLAPP23,SIGX23,script,VIS023,2026,5,1,8,22,SOFT_BLOCK,10.0.0.23,830,curl/8.1,true,TLSFP023,1023,PRX23,2026-05-01,high
ALLOW,1,1,scraping,true,Delhi,122.17.81.11,443,true,IN,2026-05-01T08:23:01Z,EP024,2026-05-01T08:23:04Z,"28.61,77.20",std_headers,0,0,HTTP/2,true,true,Scraping,GET,2,2,OBJ1024,280,,HTTPS,"?page=11",google.com,2026-05-01T08:23:04Z,REQ0024,CHALLENGED,2026-05-01T08:23:01Z,catalog_enum,2026-05-01T08:23:04Z,2026-05-01T08:23:03Z,SN024,SID1024,2026-05-01T08:23:03Z,2026-05-01T08:23:00Z,SITE01,TLS_AES_256_GCM_SHA384,api_probe,ok,3,3,280,https://corp.com/catalog,U024,CLAPP24,SIGX24,headless,VIS024,2026,5,1,8,23,RATE_LIMIT,10.0.0.24,0,HeadlessChrome,true,TLSFP024,1024,PRX24,2026-05-01,medium
ALLOW,3,3,ticket_scalping,true,Zurich,88.77.21.9,443,true,CH,2026-05-01T08:24:01Z,EP025,2026-05-01T08:24:05Z,"47.37,8.54",std_headers,1,1,HTTP/2,true,true,Ticketing,POST,5,5,OBJ1025,345,"qty=12",HTTPS,"?event=909",direct,2026-05-01T08:24:05Z,REQ0025,BLOCKED,2026-05-01T08:24:01Z,inventory_hoard,2026-05-01T08:24:05Z,2026-05-01T08:24:03Z,SN025,SID1025,2026-05-01T08:24:03Z,2026-05-01T08:24:00Z,SITE01,TLS_CHACHA20_POLY1305_SHA256,buy_spike,ok,8,8,345,https://corp.com/checkout,U025,CLAPP25,SIGX25,automation,VIS025,2026,5,1,8,24,HARD_BLOCK,10.0.0.25,1300,Playwright,true,TLSFP025,1025,PRX25,2026-05-01,critical
ALLOW,0,0,normal,false,Los Angeles,44.22.11.3,443,true,US,2026-05-01T08:25:01Z,EP026,2026-05-01T08:25:02Z,"34.05,-118.24",std_headers,0,0,HTTP/2,false,true,None,GET,1,1,OBJ1026,30,,HTTPS,"",direct,2026-05-01T08:25:02Z,REQ0026,ALLOWED,2026-05-01T08:25:01Z,None,2026-05-01T08:25:02Z,2026-05-01T08:25:02Z,SN026,SID1026,2026-05-01T08:25:02Z,2026-05-01T08:25:00Z,SITE01,TLS_AES_256_GCM_SHA384,normal_browse,ok,1,1,30,https://corp.com/home,U026,CLAPP26,SIGX26,browser,VIS026,2026,5,1,8,25,NONE,10.0.0.26,300,Chrome/124,false,TLSFP026,1026,,2026-05-01,low
ALLOW,2,2,credential_stuffing,true,Oslo,91.22.11.7,443,true,NO,2026-05-01T08:26:01Z,EP027,2026-05-01T08:26:03Z,"59.91,10.75",std_headers,1,1,HTTP/2,true,true,ATO,POST,4,4,OBJ1027,142,"username=n1&password=pass",HTTPS,"?retry=7",direct,2026-05-01T08:26:03Z,REQ0027,BLOCKED,2026-05-01T08:26:01Z,password_spray,2026-05-01T08:26:03Z,2026-05-01T08:26:02Z,SN027,SID1027,2026-05-01T08:26:02Z,2026-05-01T08:26:00Z,SITE01,TLS_AES_128_GCM_SHA256,login_wave,ok,6,6,142,https://corp.com/login,U027,CLAPP27,SIGX27,script,VIS027,2026,5,1,8,26,SOFT_BLOCK,10.0.0.27,860,python-requests/2.31,true,TLSFP027,1027,PRX27,2026-05-01,high
ALLOW,1,1,scraping,true,Dubai,103.17.41.6,443,true,AE,2026-05-01T08:27:01Z,EP028,2026-05-01T08:27:04Z,"25.20,55.27",std_headers,0,0,HTTP/2,true,true,Scraping,GET,2,2,OBJ1028,310,,HTTPS,"?page=13",google.com,2026-05-01T08:27:04Z,REQ0028,CHALLENGED,2026-05-01T08:27:01Z,catalog_enum,2026-05-01T08:27:04Z,2026-05-01T08:27:03Z,SN028,SID1028,2026-05-01T08:27:03Z,2026-05-01T08:27:00Z,SITE01,TLS_AES_256_GCM_SHA384,api_probe,ok,3,3,310,https://corp.com/catalog,U028,CLAPP28,SIGX28,headless,VIS028,2026,5,1,8,27,RATE_LIMIT,10.0.0.28,0,Scrapy/2.9,true,TLSFP028,1028,PRX28,2026-05-01,medium
ALLOW,3,3,ticket_scalping,true,Brussels,77.88.44.2,443,true,BE,2026-05-01T08:28:01Z,EP029,2026-05-01T08:28:05Z,"50.85,4.35",std_headers,1,1,HTTP/2,true,true,Ticketing,POST,5,5,OBJ1029,390,"qty=14",HTTPS,"?event=555",direct,2026-05-01T08:28:05Z,REQ0029,BLOCKED,2026-05-01T08:28:01Z,inventory_hoard,2026-05-01T08:28:05Z,2026-05-01T08:28:03Z,SN029,SID1029,2026-05-01T08:28:03Z,2026-05-01T08:28:00Z,SITE01,TLS_CHACHA20_POLY1305_SHA256,buy_spike,ok,8,8,390,https://corp.com/checkout,U029,CLAPP29,SIGX29,automation,VIS029,2026,5,1,8,28,HARD_BLOCK,10.0.0.29,1400,selenium-bot,true,TLSFP029,1029,PRX29,2026-05-01,critical
ALLOW,0,0,normal,false,Miami,54.11.88.9,443,true,US,2026-05-01T08:29:01Z,EP030,2026-05-01T08:29:02Z,"25.76,-80.19",std_headers,0,0,HTTP/2,false,true,None,GET,1,1,OBJ1030,33,,HTTPS,"",google.com,2026-05-01T08:29:02Z,REQ0030,ALLOWED,2026-05-01T08:29:01Z,None,2026-05-01T08:29:02Z,2026-05-01T08:29:02Z,SN030,SID1030,2026-05-01T08:29:02Z,2026-05-01T08:29:00Z,SITE01,TLS_AES_256_GCM_SHA384,normal_browse,ok,1,1,33,https://corp.com/home,U030,CLAPP30,SIGX30,browser,VIS030,2026,5,1,8,29,NONE,10.0.0.30,320,Firefox/125,false,TLSFP030,1030,,2026-05-01,low
ALLOW,2,2,credential_stuffing,true,Jakarta,118.22.71.5,443,true,ID,2026-05-01T08:30:01Z,EP031,2026-05-01T08:30:03Z,"-6.20,106.84",std_headers,1,1,HTTP/2,true,true,ATO,POST,4,4,OBJ1031,155,"username=id1&password=123",HTTPS,"?retry=8",direct,2026-05-01T08:30:03Z,REQ0031,BLOCKED,2026-05-01T08:30:01Z,password_spray,2026-05-01T08:30:03Z,2026-05-01T08:30:02Z,SN031,SID1031,2026-05-01T08:30:02Z,2026-05-01T08:30:00Z,SITE01,TLS_AES_128_GCM_SHA256,login_wave,ok,6,6,155,https://corp.com/login,U031,CLAPP31,SIGX31,script,VIS031,2026,5,1,8,30,SOFT_BLOCK,10.0.0.31,900,curl/8.1,true,TLSFP031,1031,PRX31,2026-05-01,high
ALLOW,1,1,scraping,true,Cape Town,197.17.21.8,443,true,ZA,2026-05-01T08:31:01Z,EP032,2026-05-01T08:31:04Z,"-33.92,18.42",std_headers,0,0,HTTP/2,true,true,Scraping,GET,2,2,OBJ1032,350,,HTTPS,"?page=15",bing.com,2026-05-01T08:31:04Z,REQ0032,CHALLENGED,2026-05-01T08:31:01Z,price_scrape,2026-05-01T08:31:04Z,2026-05-01T08:31:03Z,SN032,SID1032,2026-05-01T08:31:03Z,2026-05-01T08:31:00Z,SITE01,TLS_AES_256_GCM_SHA384,pricing_probe,ok,3,3,350,https://corp.com/pricing,U032,CLAPP32,SIGX32,headless,VIS032,2026,5,1,8,31,RATE_LIMIT,10.0.0.32,0,HeadlessChrome,true,TLSFP032,1032,PRX32,2026-05-01,medium
ALLOW,3,3,ticket_scalping,true,Lisbon,88.14.91.1,443,true,PT,2026-05-01T08:32:01Z,EP033,2026-05-01T08:32:05Z,"38.72,-9.13",std_headers,1,1,HTTP/2,true,true,Ticketing,POST,5,5,OBJ1033,415,"qty=16",HTTPS,"?event=654",direct,2026-05-01T08:32:05Z,REQ0033,BLOCKED,2026-05-01T08:32:01Z,inventory_hoard,2026-05-01T08:32:05Z,2026-05-01T08:32:03Z,SN033,SID1033,2026-05-01T08:32:03Z,2026-05-01T08:32:00Z,SITE01,TLS_CHACHA20_POLY1305_SHA256,buy_spike,ok,8,8,415,https://corp.com/buy,U033,CLAPP33,SIGX33,automation,VIS033,2026,5,1,8,32,HARD_BLOCK,10.0.0.33,1500,Playwright,true,TLSFP033,1033,PRX33,2026-05-01,critical
ALLOW,0,0,normal,false,Seattle,64.22.11.7,443,true,US,2026-05-01T08:33:01Z,EP034,2026-05-01T08:33:02Z,"47.60,-122.33",std_headers,0,0,HTTP/2,false,true,None,GET,1,1,OBJ1034,29,,HTTPS,"",google.com,2026-05-01T08:33:02Z,REQ0034,ALLOWED,2026-05-01T08:33:01Z,None,2026-05-01T08:33:02Z,2026-05-01T08:33:02Z,SN034,SID1034,2026-05-01T08:33:02Z,2026-05-01T08:33:00Z,SITE01,TLS_AES_256_GCM_SHA384,normal_browse,ok,1,1,29,https://corp.com/home,U034,CLAPP34,SIGX34,browser,VIS034,2026,5,1,8,33,NONE,10.0.0.34,300,Chrome/124,false,TLSFP034,1034,,2026-05-01,low
ALLOW,2,2,credential_stuffing,true,Manila,180.14.66.8,443,true,PH,2026-05-01T08:34:01Z,EP035,2026-05-01T08:34:03Z,"14.59,120.98",std_headers,1,1,HTTP/2,true,true,ATO,POST,4,4,OBJ1035,170,"username=ph1&password=111",HTTPS,"?retry=9",direct,2026-05-01T08:34:03Z,REQ0035,BLOCKED,2026-05-01T08:34:01Z,password_spray,2026-05-01T08:34:03Z,2026-05-01T08:34:02Z,SN035,SID1035,2026-05-01T08:34:02Z,2026-05-01T08:34:00Z,SITE01,TLS_AES_128_GCM_SHA256,login_wave,ok,6,6,170,https://corp.com/login,U035,CLAPP35,SIGX35,script,VIS035,2026,5,1,8,34,SOFT_BLOCK,10.0.0.35,950,python-requests/2.31,true,TLSFP035,1035,PRX35,2026-05-01,high
ALLOW,1,1,scraping,true,Sao Paulo,201.44.88.10,443,true,BR,2026-05-01T08:35:01Z,EP036,2026-05-01T08:35:04Z,"-23.55,-46.63",std_headers,0,0,HTTP/2,true,true,Scraping,GET,2,2,OBJ1036,380,,HTTPS,"?page=20",google.com,2026-05-01T08:35:04Z,REQ0036,CHALLENGED,2026-05-01T08:35:01Z,price_scrape,2026-05-01T08:35:04Z,2026-05-01T08:35:03Z,SN036,SID1036,2026-05-01T08:35:03Z,2026-05-01T08:35:00Z,SITE01,TLS_AES_256_GCM_SHA384,pricing_probe,ok,3,3,380,https://corp.com/pricing,U036,CLAPP36,SIGX36,headless,VIS036,2026,5,1,8,35,RATE_LIMIT,10.0.0.36,0,Scrapy/2.9,true,TLSFP036,1036,PRX36,2026-05-01,medium
ALLOW,3,3,ticket_scalping,true,Mumbai,49.32.11.77,443,true,IN,2026-05-01T08:36:01Z,EP037,2026-05-01T08:36:05Z,"19.07,72.87",std_headers,1,1,HTTP/2,true,true,Ticketing,POST,5,5,OBJ1037,520,"qty=22",HTTPS,"?event=889",direct,2026-05-01T08:36:05Z,REQ0037,BLOCKED,2026-05-01T08:36:01Z,inventory_hoard,2026-05-01T08:36:05Z,2026-05-01T08:36:03Z,SN037,SID1037,2026-05-01T08:36:03Z,2026-05-01T08:36:00Z,SITE01,TLS_CHACHA20_POLY1305_SHA256,buy_spike,ok,8,8,520,https://corp.com/checkout,U037,CLAPP37,SIGX37,automation,VIS037,2026,5,1,8,36,HARD_BLOCK,10.0.0.37,1800,Playwright,true,TLSFP037,1037,PRX37,2026-05-01,critical
ALLOW,2,2,credential_stuffing,true,Bangkok,112.55.90.13,443,true,TH,2026-05-01T08:37:01Z,EP038,2026-05-01T08:37:03Z,"13.75,100.50",std_headers,1,1,HTTP/2,true,true,ATO,POST,4,4,OBJ1038,188,"username=th1&password=xyz",HTTPS,"?retry=10",direct,2026-05-01T08:37:03Z,REQ0038,BLOCKED,2026-05-01T08:37:01Z,password_spray,2026-05-01T08:37:03Z,2026-05-01T08:37:02Z,SN038,SID1038,2026-05-01T08:37:02Z,2026-05-01T08:37:00Z,SITE01,TLS_AES_128_GCM_SHA256,login_wave,ok,6,6,188,https://corp.com/login,U038,CLAPP38,SIGX38,script,VIS038,2026,5,1,8,37,SOFT_BLOCK,10.0.0.38,1100,curl/8.1,true,TLSFP038,1038,PRX38,2026-05-01,high
ALLOW,1,1,scraping,true,Johannesburg,196.21.90.2,443,true,ZA,2026-05-01T08:38:01Z,EP039,2026-05-01T08:38:04Z,"-26.20,28.04",std_headers,0,0,HTTP/2,true,true,Scraping,GET,2,2,OBJ1039,420,,HTTPS,"?sku=400",bing.com,2026-05-01T08:38:04Z,REQ0039,CHALLENGED,2026-05-01T08:38:01Z,api_harvest,2026-05-01T08:38:04Z,2026-05-01T08:38:03Z,SN039,SID1039,2026-05-01T08:38:03Z,2026-05-01T08:38:00Z,SITE01,TLS_AES_256_GCM_SHA384,api_probe,ok,3,3,420,https://corp.com/api/products,U039,CLAPP39,SIGX39,headless,VIS039,2026,5,1,8,38,RATE_LIMIT,10.0.0.39,0,HeadlessChrome,true,TLSFP039,1039,PRX39,2026-05-01,medium
ALLOW,3,3,ticket_scalping,true,Doha,178.90.17.8,443,true,QA,2026-05-01T08:39:01Z,EP040,2026-05-01T08:39:05Z,"25.28,51.53",std_headers,1,1,HTTP/2,true,true,Ticketing,POST,5,5,OBJ1040,610,"qty=30",HTTPS,"?event=202",direct,2026-05-01T08:39:05Z,REQ0040,BLOCKED,2026-05-01T08:39:01Z,inventory_hoard,2026-05-01T08:39:05Z,2026-05-01T08:39:03Z,SN040,SID1040,2026-05-01T08:39:03Z,2026-05-01T08:39:00Z,SITE01,TLS_CHACHA20_POLY1305_SHA256,buy_spike,ok,8,8,610,https://corp.com/buy,U040,CLAPP40,SIGX40,automation,VIS040,2026,5,1,8,39,HARD_BLOCK,10.0.0.40,2200,selenium-bot,true,TLSFP040,1040,PRX40,2026-05-01,critical
ALLOW,2,2,credential_stuffing,true,Hanoi,113.77.41.10,443,true,VN,2026-05-01T08:40:01Z,EP041,2026-05-01T08:40:03Z,"21.02,105.84",std_headers,1,1,HTTP/2,true,true,ATO,POST,4,4,OBJ1041,205,"username=vn1&password=abc",HTTPS,"?retry=11",direct,2026-05-01T08:40:03Z,REQ0041,BLOCKED,2026-05-01T08:40:01Z,password_spray,2026-05-01T08:40:03Z,2026-05-01T08:40:02Z,SN041,SID1041,2026-05-01T08:40:02Z,2026-05-01T08:40:00Z,SITE01,TLS_AES_128_GCM_SHA256,login_wave,ok,6,6,205,https://corp.com/login,U041,CLAPP41,SIGX41,script,VIS041,2026,5,1,8,40,SOFT_BLOCK,10.0.0.41,1150,python-requests/2.31,true,TLSFP041,1041,PRX41,2026-05-01,high
ALLOW,1,1,scraping,true,Istanbul,88.201.11.7,443,true,TR,2026-05-01T08:41:01Z,EP042,2026-05-01T08:41:04Z,"41.00,28.97",std_headers,0,0,HTTP/2,true,true,Scraping,GET,2,2,OBJ1042,460,,HTTPS,"?page=25",google.com,2026-05-01T08:41:04Z,REQ0042,CHALLENGED,2026-05-01T08:41:01Z,catalog_enum,2026-05-01T08:41:04Z,2026-05-01T08:41:03Z,SN042,SID1042,2026-05-01T08:41:03Z,2026-05-01T08:41:00Z,SITE01,TLS_AES_256_GCM_SHA384,pricing_probe,ok,3,3,460,https://corp.com/catalog,U042,CLAPP42,SIGX42,headless,VIS042,2026,5,1,8,41,RATE_LIMIT,10.0.0.42,0,Go-http-client/1.1,true,TLSFP042,1042,PRX42,2026-05-01,medium
ALLOW,3,3,ticket_scalping,true,Kuala Lumpur,175.33.91.4,443,true,MY,2026-05-01T08:42:01Z,EP043,2026-05-01T08:42:05Z,"3.13,101.68",std_headers,1,1,HTTP/2,true,true,Ticketing,POST,5,5,OBJ1043,700,"qty=42",HTTPS,"?event=808",direct,2026-05-01T08:42:05Z,REQ0043,BLOCKED,2026-05-01T08:42:01Z,inventory_hoard,2026-05-01T08:42:05Z,2026-05-01T08:42:03Z,SN043,SID1043,2026-05-01T08:42:03Z,2026-05-01T08:42:00Z,SITE01,TLS_CHACHA20_POLY1305_SHA256,buy_spike,ok,8,8,700,https://corp.com/checkout,U043,CLAPP43,SIGX43,automation,VIS043,2026,5,1,8,42,HARD_BLOCK,10.0.0.43,2500,Playwright,true,TLSFP043,1043,PRX43,2026-05-01,critical
ALLOW,2,2,credential_stuffing,true,Nairobi,102.11.88.9,443,true,KE,2026-05-01T08:43:01Z,EP044,2026-05-01T08:43:03Z,"-1.29,36.82",std_headers,1,1,HTTP/2,true,true,ATO,POST,4,4,OBJ1044,215,"username=ke1&password=bot",HTTPS,"?retry=12",direct,2026-05-01T08:43:03Z,REQ0044,BLOCKED,2026-05-01T08:43:01Z,password_spray,2026-05-01T08:43:03Z,2026-05-01T08:43:02Z,SN044,SID1044,2026-05-01T08:43:02Z,2026-05-01T08:43:00Z,SITE01,TLS_AES_128_GCM_SHA256,login_wave,ok,6,6,215,https://corp.com/login,U044,CLAPP44,SIGX44,script,VIS044,2026,5,1,8,43,SOFT_BLOCK,10.0.0.44,1200,curl/8.1,true,TLSFP044,1044,PRX44,2026-05-01,high
ALLOW,1,1,scraping,true,Buenos Aires,181.77.55.1,443,true,AR,2026-05-01T08:44:01Z,EP045,2026-05-01T08:44:04Z,"-34.60,-58.38",std_headers,0,0,HTTP/2,true,true,Scraping,GET,2,2,OBJ1045,510,,HTTPS,"?page=31",google.com,2026-05-01T08:44:04Z,REQ0045,CHALLENGED,2026-05-01T08:44:01Z,price_scrape,2026-05-01T08:44:04Z,2026-05-01T08:44:03Z,SN045,SID1045,2026-05-01T08:44:03Z,2026-05-01T08:44:00Z,SITE01,TLS_AES_256_GCM_SHA384,api_probe,ok,3,3,510,https://corp.com/pricing,U045,CLAPP45,SIGX45,headless,VIS045,2026,5,1,8,44,RATE_LIMIT,10.0.0.45,0,Scrapy/2.9,true,TLSFP045,1045,PRX45,2026-05-01,medium
ALLOW,3,3,ticket_scalping,true,Riyadh,188.17.44.2,443,true,SA,2026-05-01T08:45:01Z,EP046,2026-05-01T08:45:05Z,"24.71,46.67",std_headers,1,1,HTTP/2,true,true,Ticketing,POST,5,5,OBJ1046,840,"qty=50",HTTPS,"?event=999",direct,2026-05-01T08:45:05Z,REQ0046,BLOCKED,2026-05-01T08:45:01Z,inventory_hoard,2026-05-01T08:45:05Z,2026-05-01T08:45:03Z,SN046,SID1046,2026-05-01T08:45:03Z,2026-05-01T08:45:00Z,SITE01,TLS_CHACHA20_POLY1305_SHA256,buy_spike,ok,8,8,840,https://corp.com/buy,U046,CLAPP46,SIGX46,automation,VIS046,2026,5,1,8,45,HARD_BLOCK,10.0.0.46,3100,selenium-bot,true,TLSFP046,1046,PRX46,2026-05-01,critical